{"cameraMode":{"drawMode":0,"name":"Shaded","section":"Shading Mode"},"sceneLighting":true,"audioPlay":false,"sceneViewState":{"m_AlwaysRefresh":false,"showFog":true,"showSkybox":true,"showFlares":true,"showImageEffects":true,"showParticleSystems":true,"showVisualEffectGraphs":true,"m_FxEnabled":true},"in2DMode":false,"pivot":{"x":241.6551971435547,"y":218.2781219482422,"z":1401.063720703125},"rotation":{"x":-0.04978662356734276,"y":-0.009890398941934109,"z":0.0004930492141284049,"w":-0.9987142086029053},"size":1219.1732177734375,"orthographic":false}